{
    "energy_kcal": 106.79295688854269,
    "protein_g": 3.5483082511141975,
    "fat_g": 9.870306584938273,
    "carbs_g": 15.330830049568352
}