{
    "energy_kcal": 105.16893585812423,
    "protein_g": 4.022518888292531,
    "fat_g": 10.406805081444372,
    "carbs_g": 15.380837588844964
}