{
    "energy_kcal": 158.77895136165688,
    "protein_g": 4.6110402657247525,
    "fat_g": 12.506583547561334,
    "carbs_g": 18.30632841181026
}