{
    "energy_kcal": 160.14086433637044,
    "protein_g": 4.838134831630921,
    "fat_g": 12.472409432519756,
    "carbs_g": 18.019931817018946
}