{
    "energy_kcal": 157.42341003500295,
    "protein_g": 4.85987157810045,
    "fat_g": 12.68898560870039,
    "carbs_g": 17.250326888682217
}