{
    "energy_kcal": 149.87986398309383,
    "protein_g": 4.913349206155194,
    "fat_g": 12.618495352813776,
    "carbs_g": 20.398568767727998
}