{
    "energy_kcal": 168.3599061703466,
    "protein_g": 4.429772988648324,
    "fat_g": 12.965863555916483,
    "carbs_g": 17.635849930971634
}