{
    "energy_kcal": 156.20090122319726,
    "protein_g": 4.960424191034563,
    "fat_g": 12.539030037712585,
    "carbs_g": 18.146292058542716
}