{
    "energy_kcal": 109.4048784571833,
    "protein_g": 4.158714231296572,
    "fat_g": 10.593296426235709,
    "carbs_g": 15.320469891505189
}