{
    "energy_kcal": 108.24020071798874,
    "protein_g": 3.5664242296538586,
    "fat_g": 10.204355616328312,
    "carbs_g": 14.331235401828362
}