{
    "energy_kcal": 111.81391406541562,
    "protein_g": 4.185074278218815,
    "fat_g": 11.115461982139328,
    "carbs_g": 14.454917116182754
}