{
    "energy_kcal": 106.45849555672159,
    "protein_g": 3.6600143524885946,
    "fat_g": 10.347079786875138,
    "carbs_g": 14.523434912356215
}