{
    "energy_kcal": 162.6595892050132,
    "protein_g": 4.6001892848291845,
    "fat_g": 12.70552668002404,
    "carbs_g": 18.48530696617827
}