{
    "energy_kcal": 110.49275790470678,
    "protein_g": 4.470412678595691,
    "fat_g": 10.659473838532193,
    "carbs_g": 15.321173146572217
}